# {"t_start": 1551393136.9372125, "env_id": "parking-v1"} 
r,l,t
-50.027992,20,24.210295
