# {"t_start": 1551393404.8358557, "env_id": "parking-v1"} 
r,l,t
-42.936995,20,22.603147
