# {"t_start": 1551369874.4379466, "env_id": "parking-v1"} 
r,l,t
-12.577696,20,31.639641
-12.006732,20,59.164681
-10.302613,20,89.407874
-6.103511,20,113.299346
