# {"t_start": 1551456048.3831966, "env_id": "parking-v1"} 
r,l,t
-34.065852,20,19.443877
