# {"t_start": 1551362485.7194612, "env_id": "parking-v1"} 
r,l,t
-20.701446,20,13.964221
-34.831949,20,17.870268
