# {"t_start": 1551360023.300561, "env_id": "parking-v1"} 
r,l,t
-11.792848,20,23.37973
