# {"t_start": 1551362532.8188515, "env_id": "parking-v1"} 
r,l,t
-19.722522,20,19.47014
