# {"t_start": 1551359734.7669451, "env_id": "parking-v1"} 
r,l,t
-5.607325,20,20.479882
