# {"t_start": 1551393545.0193906, "env_id": "parking-v1"} 
r,l,t
-42.547072,20,24.592055
