# {"t_start": 1551359537.7171361, "env_id": "parking-v1"} 
r,l,t
-10.688646,20,22.505136
-4.120008,20,43.961046
-12.930341,20,66.186608
