# {"t_start": 1551458072.0580966, "env_id": "parking-v1"} 
r,l,t
-42.537115,20,19.409657
