# {"t_start": 1551358346.9135494, "env_id": "parking-v1"} 
r,l,t
-12.000425,20,19.808259
-10.702159,20,40.98354
