# {"t_start": 1551391652.714417, "env_id": "parking-v1"} 
r,l,t
-9.704237,20,21.408481
-15.613111,20,42.906564
-32.036836,20,66.104815
-14.380148,20,89.387951
